Workbook

Sheet Raw Data
A1: Post ID | B1: Date | C1: Post Time | D1: Platform | E1: Post Type | F1: Content Category | G1: Followers at Posting | H1: Reach | I1: Impressions | J1: Likes | K1: Comments | L1: Shares | M1: Total Engagements | N1: Engagement Rate | O1: Reach Rate (% of Followers)
A2: P0001 | B2: 2025-01-01 | C2: 11:00 | D2: Twitter/X | E2: Video | F2: Educational | G2: 18372 | H2: 4323 | I2: 7455 | J2: 75 | K2: 5 | L2: 26 | M2: =SUM(J2:L2) -> 106 | N2: =IFERROR(M2/H2,0) -> 0.024520009 | O2: =IFERROR(H2/G2,0) -> 0.23530372
A3: P0002 | B3: 2025-01-01 | C3: 09:00 | D3: Facebook | E3: Text | F3: Promotion | G3: 31267 | H3: 5571 | I3: 7764 | J3: 94 | K3: 18 | L3: 25 | M3: =SUM(J3:L3) -> 137 | N3: =IFERROR(M3/H3,0) -> 0.024591635 | O3: =IFERROR(H3/G3,0) -> 0.17817507
A4: P0003 | B4: 2025-01-01 | C4: 18:00 | D4: TikTok | E4: Carousel | F4: Behind the Scenes | G4: 41315 | H4: 12926 | I4: 21886 | J4: 504 | K4: 80 | L4: 70 | M4: =SUM(J4:L4) -> 654 | N4: =IFERROR(M4/H4,0) -> 0.050595699 | O4: =IFERROR(H4/G4,0) -> 0.31286458
A5: P0004 | B5: 2025-01-02 | C5: 11:00 | D5: Instagram | E5: Image | F5: User Generated Content | G5: 24867 | H5: 8628 | I5: 14695 | J5: 266 | K5: 19 | L5: 68 | M5: =SUM(J5:L5) -> 353 | N5: =IFERROR(M5/H5,0) -> 0.040913306 | O5: =IFERROR(H5/G5,0) -> 0.34696586
A6: P0005 | B6: 2025-01-03 | C6: 09:00 | D6: Instagram | E6: Carousel | F6: Educational | G6: 24460 | H6: 5786 | I6: 7445 | J6: 295 | K6: 43 | L6: 58 | M6: =SUM(J6:L6) -> 396 | N6: =IFERROR(M6/H6,0) -> 0.068441065 | O6: =IFERROR(H6/G6,0) -> 0.23654947
A7: P0006 | B7: 2025-01-03 | C7: 07:00 | D7: Twitter/X | E7: Reel/Short | F7: Announcement | G7: 18097 | H7: 5159 | I7: 8160 | J7: 143 | K7: 26 | L7: 36 | M7: =SUM(J7:L7) -> 205 | N7: =IFERROR(M7/H7,0) -> 0.039736383 | O7: =IFERROR(H7/G7,0) -> 0.28507487
A8: P0007 | B8: 2025-01-03 | C8: 15:00 | D8: Facebook | E8: Carousel | F8: Announcement | G8: 30822 | H8: 3376 | I8: 5941 | J8: 153 | K8: 25 | L8: 42 | M8: =SUM(J8:L8) -> 220 | N8: =IFERROR(M8/H8,0) -> 0.065165877 | O8: =IFERROR(H8/G8,0) -> 0.10953215
A9: P0008 | B9: 2025-01-03 | C9: 19:00 | D9: Facebook | E9: Link | F9: Poll/Question | G9: 30667 | H9: 3052 | I9: 4948 | J9: 54 | K9: 6 | L9: 11 | M9: =SUM(J9:L9) -> 71 | N9: =IFERROR(M9/H9,0) -> 0.023263434 | O9: =IFERROR(H9/G9,0) -> 0.099520657
A10: P0009 | B10: 2025-01-03 | C10: 08:00 | D10: LinkedIn | E10: Video | F10: Poll/Question | G10: 9674 | H10: 1265 | I10: 1488 | J10: 54 | K10: 6 | L10: 11 | M10: =SUM(J10:L10) -> 71 | N10: =IFERROR(M10/H10,0) -> 0.056126482 | O10: =IFERROR(H10/G10,0) -> 0.13076287
A11: P0010 | B11: 2025-01-03 | C11: 12:00 | D11: TikTok | E11: Reel/Short | F11: User Generated Content | G11: 42945 | H11: 34764 | I11: 38519 | J11: 1984 | K11: 273 | L11: 381 | M11: =SUM(J11:L11) -> 2638 | N11: =IFERROR(M11/H11,0) -> 0.075883097 | O11: =IFERROR(H11/G11,0) -> 0.80950052
A12: P0011 | B12: 2025-01-04 | C12: 20:00 | D12: Twitter/X | E12: Video | F12: Poll/Question | G12: 17934 | H12: 4383 | I12: 7029 | J12: 291 | K12: 24 | L12: 87 | M12: =SUM(J12:L12) -> 402 | N12: =IFERROR(M12/H12,0) -> 0.091718001 | O12: =IFERROR(H12/G12,0) -> 0.24439612
A13: P0012 | B13: 2025-01-04 | C13: 07:00 | D13: Facebook | E13: Text | F13: Promotion | G13: 30734 | H13: 5739 | I13: 8479 | J13: 150 | K13: 19 | L13: 63 | M13: =SUM(J13:L13) -> 232 | N13: =IFERROR(M13/H13,0) -> 0.040425161 | O13: =IFERROR(H13/G13,0) -> 0.18673131
... A684: P0683 | B684: 2025-07-29 | C684: 18:00 | D684: TikTok | E684: Reel/Short | F684: Promotion | G684: 57559 | H684: 25838 | I684: 44495 | J684: 1330 | K684: 147 | L684: 206 | M684: =SUM(J684:L684) -> 1683 | N684: =IFERROR(M684/H684,0) -> 0.06513662 | O684: =IFERROR(H684/G684,0) -> 0.44889592

Sheet Dashboard
B2: Social Media Reach & Engagement Dashboard
B3: Source: Raw Data sheet (simulated dataset, Jan–Jul 2025)
B5: Total Posts | C5: Total Reach | D5: Total Impressions | E5: Total Engagements | F5: Avg. Engagement Rate
B6: =COUNTA('Raw Data'!A2:A684) -> 683 | C6: =SUM('Raw Data'!H2:H684) -> 7239089 | D6: =SUM('Raw Data'!I2:I684) -> 10483336 | E6: =SUM('Raw Data'!M2:M684) -> 303255 | F6: =AVERAGE('Raw Data'!N2:N684) -> 0.040690962
B9: Performance by Platform
B10: Platform | C10: Posts | D10: Total Reach | E10: Total Impressions | F10: Total Engagements | G10: Avg Engagement Rate
B11: Facebook | C11: =COUNTIF('Raw Data'!$D$2:$D$684,B11) -> 129 | D11: =SUMIF('Raw Data'!$D$2:$D$684,B11,'Raw Data'!$H$2:$H$684) -> 737385 | E11: =SUMIF('Raw Data'!$D$2:$D$684,B11,'Raw Data'!$I$2:$I$684) -> 1069667 | F11: =SUMIF('Raw Data'!$D$2:$D$684,B11,'Raw Data'!$M$2:$M$684) -> 28812 | G11: =AVERAGEIF('Raw Data'!$D$2:$D$684,B11,'Raw Data'!$N$2:$N$684) -> 0.03883645
B12: Instagram | C12: =COUNTIF('Raw Data'!$D$2:$D$684,B12) -> 142 | D12: =SUMIF('Raw Data'!$D$2:$D$684,B12,'Raw Data'!$H$2:$H$684) -> 1281120 | E12: =SUMIF('Raw Data'!$D$2:$D$684,B12,'Raw Data'!$I$2:$I$684) -> 1857086 | F12: =SUMIF('Raw Data'!$D$2:$D$684,B12,'Raw Data'!$M$2:$M$684) -> 55132 | G12: =AVERAGEIF('Raw Data'!$D$2:$D$684,B12,'Raw Data'!$N$2:$N$684) -> 0.042841992
B13: LinkedIn | C13: =COUNTIF('Raw Data'!$D$2:$D$684,B13) -> 133 | D13: =SUMIF('Raw Data'!$D$2:$D$684,B13,'Raw Data'!$H$2:$H$684) -> 377095 | E13: =SUMIF('Raw Data'!$D$2:$D$684,B13,'Raw Data'!$I$2:$I$684) -> 549416 | F13: =SUMIF('Raw Data'!$D$2:$D$684,B13,'Raw Data'!$M$2:$M$684) -> 14228 | G13: =AVERAGEIF('Raw Data'!$D$2:$D$684,B13,'Raw Data'!$N$2:$N$684) -> 0.038146518
B14: TikTok | C14: =COUNTIF('Raw Data'!$D$2:$D$684,B14) -> 144 | D14: =SUMIF('Raw Data'!$D$2:$D$684,B14,'Raw Data'!$H$2:$H$684) -> 4265653 | E14: =SUMIF('Raw Data'!$D$2:$D$684,B14,'Raw Data'!$I$2:$I$684) -> 6156840 | F14: =SUMIF('Raw Data'!$D$2:$D$684,B14,'Raw Data'!$M$2:$M$684) -> 181252 | G14: =AVERAGEIF('Raw Data'!$D$2:$D$684,B14,'Raw Data'!$N$2:$N$684) -> 0.042114864
B15: Twitter/X | C15: =COUNTIF('Raw Data'!$D$2:$D$684,B15) -> 135 | D15: =SUMIF('Raw Data'!$D$2:$D$684,B15,'Raw Data'!$H$2:$H$684) -> 577836 | E15: =SUMIF('Raw Data'!$D$2:$D$684,B15,'Raw Data'!$I$2:$I$684) -> 850327 | F15: =SUMIF('Raw Data'!$D$2:$D$684,B15,'Raw Data'!$M$2:$M$684) -> 23831 | G15: =AVERAGEIF('Raw Data'!$D$2:$D$684,B15,'Raw Data'!$N$2:$N$684) -> 0.041188406
B17: Performance by Post Type
B18: Post Type | C18: Posts | D18: Total Reach | E18: Total Impressions | F18: Total Engagements | G18: Avg Engagement Rate
B19: Carousel | C19: =COUNTIF('Raw Data'!$E$2:$E$684,B19) -> 123 | D19: =SUMIF('Raw Data'!$E$2:$E$684,B19,'Raw Data'!$H$2:$H$684) -> 1320470 | E19: =SUMIF('Raw Data'!$E$2:$E$684,B19,'Raw Data'!$I$2:$I$684) -> 1902418 | F19: =SUMIF('Raw Data'!$E$2:$E$684,B19,'Raw Data'!$M$2:$M$684) -> 60645 | G19: =AVERAGEIF('Raw Data'!$E$2:$E$684,B19,'Raw Data'!$N$2:$N$684) -> 0.047356975
B20: Image | C20: =COUNTIF('Raw Data'!$E$2:$E$684,B20) -> 94 | D20: =SUMIF('Raw Data'!$E$2:$E$684,B20,'Raw Data'!$H$2:$H$684) -> 1058045 | E20: =SUMIF('Raw Data'!$E$2:$E$684,B20,'Raw Data'!$I$2:$I$684) -> 1504818 | F20: =SUMIF('Raw Data'!$E$2:$E$684,B20,'Raw Data'!$M$2:$M$684) -> 40834 | G20: =AVERAGEIF('Raw Data'!$E$2:$E$684,B20,'Raw Data'!$N$2:$N$684) -> 0.03737401
B21: Link | C21: =COUNTIF('Raw Data'!$E$2:$E$684,B21) -> 113 | D21: =SUMIF('Raw Data'!$E$2:$E$684,B21,'Raw Data'!$H$2:$H$684) -> 1215135 | E21: =SUMIF('Raw Data'!$E$2:$E$684,B21,'Raw Data'!$I$2:$I$684) -> 1783748 | F21: =SUMIF('Raw Data'!$E$2:$E$684,B21,'Raw Data'!$M$2:$M$684) -> 30509 | G21: =AVERAGEIF('Raw Data'!$E$2:$E$684,B21,'Raw Data'!$N$2:$N$684) -> 0.02360161
B22: Reel/Short | C22: =COUNTIF('Raw Data'!$E$2:$E$684,B22) -> 116 | D22: =SUMIF('Raw Data'!$E$2:$E$684,B22,'Raw Data'!$H$2:$H$684) -> 1204362 | E22: =SUMIF('Raw Data'!$E$2:$E$684,B22,'Raw Data'!$I$2:$I$684) -> 1747564 | F22: =SUMIF('Raw Data'!$E$2:$E$684,B22,'Raw Data'!$M$2:$M$684) -> 80095 | G22: =AVERAGEIF('Raw Data'!$E$2:$E$684,B22,'Raw Data'!$N$2:$N$684) -> 0.061654485
B23: Text | C23: =COUNTIF('Raw Data'!$E$2:$E$684,B23) -> 134 | D23: =SUMIF('Raw Data'!$E$2:$E$684,B23,'Raw Data'!$H$2:$H$684) -> 1344701 | E23: =SUMIF('Raw Data'!$E$2:$E$684,B23,'Raw Data'!$I$2:$I$684) -> 1951862 | F23: =SUMIF('Raw Data'!$E$2:$E$684,B23,'Raw Data'!$M$2:$M$684) -> 36256 | G23: =AVERAGEIF('Raw Data'!$E$2:$E$684,B23,'Raw Data'!$N$2:$N$684) -> 0.026493622
B24: Video | C24: =COUNTIF('Raw Data'!$E$2:$E$684,B24) -> 103 | D24: =SUMIF('Raw Data'!$E$2:$E$684,B24,'Raw Data'!$H$2:$H$684) -> 1096376 | E24: =SUMIF('Raw Data'!$E$2:$E$684,B24,'Raw Data'!$I$2:$I$684) -> 1592926 | F24: =SUMIF('Raw Data'!$E$2:$E$684,B24,'Raw Data'!$M$2:$M$684) -> 54916 | G24: =AVERAGEIF('Raw Data'!$E$2:$E$684,B24,'Raw Data'!$N$2:$N$684) -> 0.049367132

Sheet Notes & Assumptions
B2: Notes & Assumptions
B4: • This is a SIMULATED dataset created for practice/learning purposes — not real social media data.
B5: • Date range: Jan 1, 2025 – Jul 29, 2025 (210 days), across 5 platforms: Instagram, Twitter/X, Facebook, LinkedIn, TikTok.
B6: • Followers at Posting: starting follower counts grow gradually over time with random daily variation.
B7: • Reach: modeled as a platform-specific % of followers (varies by platform algorithm behavior assumptions).
B8: • Impressions: always >= Reach (assumes some users see a post multiple times).
B9: • Engagement Rate (col N) = Total Engagements / Reach.
B10: • Reach Rate (col O) = Reach / Followers at Posting.
B11: • Video/Reel content types were given a higher engagement multiplier, and weekend posts a small boost, to mimic realistic patterns for analysis practice.
B12: • Replace this data with your own export (Meta Business Suite, X Analytics, LinkedIn Analytics, TikTok Analytics, etc.) to run the same analysis on real numbers — just keep the column headers identical.
